{
  "loss": [
    0.2190069854259491,
    0.1904112994670868,
    0.2195182889699936,
    0.1470915675163269,
    0.1570383459329605,
    0.17548330128192902
  ],
  "accuracy": [
    0.9209486246109009,
    0.937252938747406,
    0.9219367504119873,
    0.9496047496795654,
    0.9407114386558533,
    0.937747061252594
  ],
  "val_loss": [
    0.07203448563814163,
    0.11718433350324631,
    0.10543608665466309,
    0.09887891262769699,
    0.17564620077610016,
    0.1269940733909607
  ],
  "val_accuracy": [
    0.9801192879676819,
    0.9622266292572021,
    0.9522863030433655,
    0.9701789021492004,
    0.9304174780845642,
    0.9522863030433655
  ]
}